<?xml version="1.0" encoding="UTF-8"?><rss version="2.0"
	xmlns:content="http://purl.org/rss/1.0/modules/content/"
	xmlns:dc="http://purl.org/dc/elements/1.1/"
	xmlns:atom="http://www.w3.org/2005/Atom"
	xmlns:sy="http://purl.org/rss/1.0/modules/syndication/"
	
	>
<channel>
	<title>
	Comentários sobre: Dicas de hospedagem barata no México	</title>
	<atom:link href="/2024/08/01/dicas-de-hospedagem-barata-no-mexico/feed/" rel="self" type="application/rss+xml" />
	<link>/2024/08/01/dicas-de-hospedagem-barata-no-mexico/</link>
	<description></description>
	<lastBuildDate>Thu, 01 Aug 2024 16:50:24 +0000</lastBuildDate>
	<sy:updatePeriod>
	hourly	</sy:updatePeriod>
	<sy:updateFrequency>
	1	</sy:updateFrequency>
	<generator>https://wordpress.org/?v=6.6.1</generator>
</channel>
</rss>
