<?xml version="1.0" encoding="UTF-8"?><rss version="2.0"
	xmlns:content="http://purl.org/rss/1.0/modules/content/"
	xmlns:wfw="http://wellformedweb.org/CommentAPI/"
	xmlns:dc="http://purl.org/dc/elements/1.1/"
	xmlns:atom="http://www.w3.org/2005/Atom"
	xmlns:sy="http://purl.org/rss/1.0/modules/syndication/"
	xmlns:slash="http://purl.org/rss/1.0/modules/slash/"
	>

<channel>
	<title>Jornada Viagens</title>
	<atom:link href="/feed/" rel="self" type="application/rss+xml" />
	<link></link>
	<description></description>
	<lastBuildDate>Thu, 01 Aug 2024 16:52:44 +0000</lastBuildDate>
	<language>pt-BR</language>
	<sy:updatePeriod>
	hourly	</sy:updatePeriod>
	<sy:updateFrequency>
	1	</sy:updateFrequency>
	<generator>https://wordpress.org/?v=6.6.1</generator>
	<item>
		<title>Mochilando na Alemanha: minha experiência com caronas</title>
		<link>/2024/08/01/mochilando-na-alemanha-minha-experiencia-com-caronas/</link>
					<comments>/2024/08/01/mochilando-na-alemanha-minha-experiencia-com-caronas/#respond</comments>
		
		<dc:creator><![CDATA[EmidioDaniel]]></dc:creator>
		<pubDate>Thu, 01 Aug 2024 16:52:44 +0000</pubDate>
				<category><![CDATA[Europa]]></category>
		<category><![CDATA[Alemanha]]></category>
		<category><![CDATA[Carona]]></category>
		<category><![CDATA[Dicas]]></category>
		<category><![CDATA[Mochilão]]></category>
		<guid isPermaLink="false">/?p=12</guid>

					<description><![CDATA[Texto de exemplo qualquer]]></description>
										<content:encoded><![CDATA[
<p>Texto de exemplo qualquer</p>
]]></content:encoded>
					
					<wfw:commentRss>/2024/08/01/mochilando-na-alemanha-minha-experiencia-com-caronas/feed/</wfw:commentRss>
			<slash:comments>0</slash:comments>
		
		
			</item>
		<item>
		<title>Dicas de hospedagem barata no México</title>
		<link>/2024/08/01/dicas-de-hospedagem-barata-no-mexico/</link>
					<comments>/2024/08/01/dicas-de-hospedagem-barata-no-mexico/#respond</comments>
		
		<dc:creator><![CDATA[EmidioDaniel]]></dc:creator>
		<pubDate>Thu, 01 Aug 2024 16:50:24 +0000</pubDate>
				<category><![CDATA[América Central e Caribe]]></category>
		<category><![CDATA[Dicas]]></category>
		<category><![CDATA[Hospedagem Barata]]></category>
		<category><![CDATA[México]]></category>
		<guid isPermaLink="false">/?p=9</guid>

					<description><![CDATA[Texto de exemplo do meu post]]></description>
										<content:encoded><![CDATA[
<p>Texto de exemplo do meu post</p>
]]></content:encoded>
					
					<wfw:commentRss>/2024/08/01/dicas-de-hospedagem-barata-no-mexico/feed/</wfw:commentRss>
			<slash:comments>0</slash:comments>
		
		
			</item>
		<item>
		<title>Olá, mundo!</title>
		<link>/2024/07/10/ola-mundo/</link>
					<comments>/2024/07/10/ola-mundo/#comments</comments>
		
		<dc:creator><![CDATA[EmidioDaniel]]></dc:creator>
		<pubDate>Wed, 10 Jul 2024 19:01:32 +0000</pubDate>
				<category><![CDATA[Sem categoria]]></category>
		<guid isPermaLink="false">/?p=1</guid>

					<description><![CDATA[Boas-vindas ao WordPress. Esse é o seu primeiro post. Edite-o ou exclua-o, e então comece a escrever!]]></description>
										<content:encoded><![CDATA[
<p>Boas-vindas ao WordPress. Esse é o seu primeiro post. Edite-o ou exclua-o, e então comece a escrever!</p>
]]></content:encoded>
					
					<wfw:commentRss>/2024/07/10/ola-mundo/feed/</wfw:commentRss>
			<slash:comments>1</slash:comments>
		
		
			</item>
	</channel>
</rss>
