<?xml version="1.0" encoding="UTF-8"?><rss version="2.0"
	xmlns:content="http://purl.org/rss/1.0/modules/content/"
	xmlns:wfw="http://wellformedweb.org/CommentAPI/"
	xmlns:dc="http://purl.org/dc/elements/1.1/"
	xmlns:atom="http://www.w3.org/2005/Atom"
	xmlns:sy="http://purl.org/rss/1.0/modules/syndication/"
	xmlns:slash="http://purl.org/rss/1.0/modules/slash/"
	>

<channel>
	<title>América Central e Caribe &#8211; Jornada Viagens</title>
	<atom:link href="/category/america-central-e-caribe/feed/" rel="self" type="application/rss+xml" />
	<link></link>
	<description></description>
	<lastBuildDate>Thu, 01 Aug 2024 16:50:24 +0000</lastBuildDate>
	<language>pt-BR</language>
	<sy:updatePeriod>
	hourly	</sy:updatePeriod>
	<sy:updateFrequency>
	1	</sy:updateFrequency>
	<generator>https://wordpress.org/?v=6.6.1</generator>
	<item>
		<title>Dicas de hospedagem barata no México</title>
		<link>/2024/08/01/dicas-de-hospedagem-barata-no-mexico/</link>
					<comments>/2024/08/01/dicas-de-hospedagem-barata-no-mexico/#respond</comments>
		
		<dc:creator><![CDATA[EmidioDaniel]]></dc:creator>
		<pubDate>Thu, 01 Aug 2024 16:50:24 +0000</pubDate>
				<category><![CDATA[América Central e Caribe]]></category>
		<category><![CDATA[Dicas]]></category>
		<category><![CDATA[Hospedagem Barata]]></category>
		<category><![CDATA[México]]></category>
		<guid isPermaLink="false">/?p=9</guid>

					<description><![CDATA[Texto de exemplo do meu post]]></description>
										<content:encoded><![CDATA[
<p>Texto de exemplo do meu post</p>
]]></content:encoded>
					
					<wfw:commentRss>/2024/08/01/dicas-de-hospedagem-barata-no-mexico/feed/</wfw:commentRss>
			<slash:comments>0</slash:comments>
		
		
			</item>
	</channel>
</rss>
